{
  "products": [
    {
      "id": "p1",
      "title": {
        "ar": "منظم حائط مع درج",
        "en": "Wall Organizer with drawer"
      },
      "price": 6500,
      "currency": "DZD",
      "image": "/placeholder1.jpg",
      "stock": 15,
      "description": {
        "ar": "منظم حائط مع درج وثلاث علاقات مناسب للمدخل",
        "en": "Wall-mounted organizer with drawer, 3 hooks"
      }
    },
    {
      "id": "p2",
      "title": {
        "ar": "كونسول مرايا مع درج",
        "en": "Mirror Console with drawer"
      },
      "price": 12000,
      "currency": "DZD",
      "image": "/placeholder2.jpg",
      "stock": 8,
      "description": {
        "ar": "كونسول مع مرآة ودرج بتشطيب خشبي مودرن",
        "en": "Floating console with mirror and drawer"
      }
    },
    {
      "id": "p3",
      "title": {
        "ar": "رف حائطي صغير",
        "en": "Small Floating Shelf"
      },
      "price": 3500,
      "currency": "DZD",
      "image": "/placeholder3.jpg",
      "stock": 25,
      "description": {
        "ar": "رف صغير للحاجات والزهور",
        "en": "Small decorative floating shelf for keys and vase"
      }
    },
    {
      "id": "p4",
      "title": {
        "ar": "حامل مفاتيح مع مزهرية",
        "en": "Wall Key Holder with Vase"
      },
      "price": 4200,
      "currency": "DZD",
      "image": "/placeholder4.jpg",
      "stock": 20,
      "description": {
        "ar": "حامل مفاتيح خشبي مع مزهرية",
        "en": "Key holder with decorative vase"
      }
    },
    {
      "id": "p5",
      "title": {
        "ar": "مزهرية سيراميك",
        "en": "Decorative Ceramic Vase"
      },
      "price": 3200,
      "currency": "DZD",
      "image": "/placeholder5.jpg",
      "stock": 18,
      "description": {
        "ar": "مزهرية سيراميك يدوية 30 سم",
        "en": "Handmade ceramic vase, 30cm"
      }
    },
    {
      "id": "p6",
      "title": {
        "ar": "شريط LED ديكوري",
        "en": "LED Decorative Strip"
      },
      "price": 2800,
      "currency": "DZD",
      "image": "/placeholder6.jpg",
      "stock": 30,
      "description": {
        "ar": "شريط LED مرن 2 متر",
        "en": "Flexible LED strip 2m"
      }
    },
    {
      "id": "p7",
      "title": {
        "ar": "صندوق تخزين خشبي",
        "en": "Wooden Storage Box"
      },
      "price": 1500,
      "currency": "DZD",
      "image": "/placeholder7.jpg",
      "stock": 40,
      "description": {
        "ar": "صندوق خشبي للتخزين",
        "en": "Small wooden storage box"
      }
    },
    {
      "id": "p8",
      "title": {
        "ar": "طقم 3 مرايا",
        "en": "Set of 3 Small Mirrors"
      },
      "price": 2100,
      "currency": "DZD",
      "image": "/placeholder8.jpg",
      "stock": 22,
      "description": {
        "ar": "طقم 3 مرايا للزينة",
        "en": "Set of 3 decorative small mirrors"
      }
    },
    {
      "id": "p9",
      "title": {
        "ar": "سجادة مودرن 120x60",
        "en": "Modern Rug 120x60"
      },
      "price": 4200,
      "currency": "DZD",
      "image": "/placeholder9.jpg",
      "stock": 10,
      "description": {
        "ar": "سجادة صغيرة للمداخل",
        "en": "Small modern rug for entrance"
      }
    },
    {
      "id": "p10",
      "title": {
        "ar": "شمعدان ديكوري",
        "en": "Decorative Candle Holder"
      },
      "price": 2300,
      "currency": "DZD",
      "image": "/placeholder10.jpg",
      "stock": 25,
      "description": {
        "ar": "شمعدان زخرفي معدني",
        "en": "Metal decorative candle holder"
      }
    },
    {
      "id": "p11",
      "title": {
        "ar": "منظم مطبخ",
        "en": "Kitchen Shelf Organizer"
      },
      "price": 1800,
      "currency": "DZD",
      "image": "/placeholder11.jpg",
      "stock": 50,
      "description": {
        "ar": "منظم متعدد الرفوف للمطبخ",
        "en": "Multi-level kitchen shelf organizer"
      }
    },
    {
      "id": "p12",
      "title": {
        "ar": "وسادة ديكور",
        "en": "Decorative Cushion"
      },
      "price": 1900,
      "currency": "DZD",
      "image": "/placeholder12.jpg",
      "stock": 28,
      "description": {
        "ar": "وسادة ديكور 45x45 سم",
        "en": "Decorative cushion 45x45 cm"
      }
    }
  ],
  "orders": []
}